{"cameraMode":{"drawMode":0,"name":"Shaded","section":"Shading Mode"},"sceneLighting":true,"audioPlay":false,"sceneViewState":{"m_AlwaysRefresh":false,"showFog":true,"showSkybox":true,"showFlares":true,"showImageEffects":true,"showParticleSystems":true,"showVisualEffectGraphs":true,"m_FxEnabled":true},"in2DMode":false,"pivot":{"x":-8.861350059509278,"y":-15.586027145385743,"z":1.5034927129745484},"rotation":{"x":0.5583098530769348,"y":0.031089328229427339,"z":-0.02095072530210018,"w":0.8288040161132813},"size":22.102325439453126,"orthographic":false}