{"cameraMode":{"drawMode":0,"name":"Shaded","section":"Shading Mode"},"sceneLighting":true,"audioPlay":false,"sceneViewState":{"m_AlwaysRefresh":false,"showFog":true,"showSkybox":true,"showFlares":true,"showImageEffects":true,"showParticleSystems":true,"showVisualEffectGraphs":true,"m_FxEnabled":true},"in2DMode":false,"pivot":{"x":-2.2747750282287599,"y":0.690169095993042,"z":0.41283783316612246},"rotation":{"x":-0.022952131927013398,"y":-0.9655426144599915,"z":0.2427496463060379,"w":-0.09122926741838455},"size":1.044260859489441,"orthographic":false}